{"cameraMode":{"drawMode":0,"name":"Shaded","section":"Shading Mode"},"sceneLighting":true,"audioPlay":false,"sceneViewState":{"showFog":true,"showMaterialUpdate":false,"showSkybox":true,"showFlares":true,"showImageEffects":true,"showParticleSystems":true,"showVisualEffectGraphs":true,"m_FxEnabled":true},"in2DMode":false,"pivot":{"x":296.59979248046877,"y":17.121719360351564,"z":-50.63323974609375},"rotation":{"x":0.0028865213971585037,"y":-0.9967777132987976,"z":-0.06858406215906143,"w":-0.04311676323413849},"size":486.82904052734377,"orthographic":false}